2013-07-31 20:51:30+00:00,Data is a Game Changer #sports #analytics #bigdata #engagement #gamechangerIBM http://gag.gl/AGMvQ,"['Data', 'Game', 'Changer', '#sports', '#analytics', '#bigdata', '#engagement', '#gamechangerIBM', 'http://gag.gl/AGMvQ']"
2013-07-22 03:09:36+00:00,Finally getting around to trying HootSuite...do users have a browser preference?,"['Finally', 'getting', 'around', 'trying', 'HootSuite...do', 'user', 'browser', 'preference?']"
2013-07-20 13:25:46+00:00,"With Its Acquisition Of Locationary, Apple Zeros In On Maps, Big Data And Competing With Google http://techcrunch.com/2013/07/19/with-its-acquisition-of-locationary-apple-zeros-in-on-maps-big-data-and-competing-with-google/ via @techcrunch","['With', 'Its', 'Acquisition', 'Of', 'Locationary,', 'Apple', 'Zeros', 'In', 'On', 'Maps,', 'Big', 'Data', 'And', 'Competing', 'With', 'Google', 'http://techcrunch.com/2013/07/19/with-its-acquisition-of-locationary-apple-zeros-in-on-maps-big-data-and-competing-with-google/', 'via', '@techcrunch']"
2013-07-19 02:15:47+00:00,Yelp Acquires Online Reservation Service SeatMe | TechCrunch http://lnkd.in/vvP6wk,"['Yelp', 'Acquires', 'Online', 'Reservation', 'Service', 'SeatMe', '|', 'TechCrunch', 'http://lnkd.in/vvP6wk']"
2013-07-19 02:09:06+00:00,"Um, wow. ""ColAR Uses Augmented Reality To Bring Your Kid's Drawing To Life http://techcrunch.com/2013/07/17/colar-uses-augmented-reality-to-brings-your-kids-drawing-to-life/ via @techcrunch""","['Um,', 'wow.', '""ColAR', 'Uses', 'Augmented', 'Reality', 'To', 'Bring', 'Your', ""Kid's"", 'Drawing', 'To', 'Life', 'http://techcrunch.com/2013/07/17/colar-uses-augmented-reality-to-brings-your-kids-drawing-to-life/', 'via', '@techcrunch""']"
2013-07-18 17:01:25+00:00,Thanks @techguerilla @AmberCadabra @Renee_Hopkins #innochat,"['Thanks', '@techguerilla', '@AmberCadabra', '@Renee_Hopkins', '#innochat']"
2013-07-18 16:59:12+00:00,@AmberCadabra fair point. funny the discrepancy between how patents and ideas are treated #innochat,"['@AmberCadabra', 'fair', 'point.', 'funny', 'discrepancy', 'patent', 'idea', 'treated', '#innochat']"
2013-07-18 16:56:28+00:00,IMHO if innovation is critical to growth then idea mgmt should be more prominent in #socbiz platforms. Otherwise oppties wasted #innochat,"['IMHO', 'innovation', 'critical', 'growth', 'idea', 'mgmt', 'prominent', '#socbiz', 'platforms.', 'Otherwise', 'oppties', 'wasted', '#innochat']"
2013-07-18 16:41:12+00:00,Side note: not impressed with Twubs for Twitter chats #innochat,"['Side', 'note:', 'impressed', 'Twubs', 'Twitter', 'chat', '#innochat']"
2013-07-18 16:39:32+00:00,"A3: more willingness to openly innovate, co-create; shared risk, reward #innochat","['A3:', 'willingness', 'openly', 'innovate,', 'co-create;', 'shared', 'risk,', 'reward', '#innochat']"
2013-07-18 16:35:42+00:00,An effective #socbiz could turn an innovation from incremental to disruptive #innochat,"['An', 'effective', '#socbiz', 'could', 'turn', 'innovation', 'incremental', 'disruptive', '#innochat']"
2013-07-18 16:28:35+00:00,"@techguerilla A2: serendipity happens often via my activity stream - related projects, valuable content, expertise location #innochat","['@techguerilla', 'A2:', 'serendipity', 'happens', 'often', 'via', 'activity', 'stream', '-', 'related', 'projects,', 'valuable', 'content,', 'expertise', 'location', '#innochat']"
2013-07-18 16:26:59+00:00,"@techguerilla since you're being open and transparent, crowdsource ideas, hacks for new products, services, ways to save $#innochat","['@techguerilla', 'since', 'open', 'transparent,', 'crowdsource', 'ideas,', 'hack', 'new', 'products,', 'services,', 'way', 'save', '$#innochat']"
2013-07-18 16:22:17+00:00,Agree...news to many RT @AmberCadabra Innovation and social biz need to be symbiotic in today's companies. They drive each other. #innochat,"['Agree...news', 'many', 'RT', '@AmberCadabra', 'Innovation', 'social', 'biz', 'need', 'symbiotic', ""today's"", 'companies.', 'They', 'drive', 'other.', '#innochat']"
2013-07-18 16:14:51+00:00,"@AmberCadabra collaborative decision-making, forecasting too - use all ideas, insight from your ecosystem #innochat","['@AmberCadabra', 'collaborative', 'decision-making,', 'forecasting', '-', 'use', 'ideas,', 'insight', 'ecosystem', '#innochat']"
2013-07-18 16:11:27+00:00,"@techguerilla think this is where the concept of collective intelligence comes into play - optimize your resources, talent #innochat","['@techguerilla', 'think', 'concept', 'collective', 'intelligence', 'come', 'play', '-', 'optimize', 'resources,', 'talent', '#innochat']"
2013-07-18 04:40:22+00:00,@rachelhaot @SmarterPlanet @nycgov really impressive program (and presentation) - thanks for your time Rachel,"['@rachelhaot', '@SmarterPlanet', '@nycgov', 'really', 'impressive', 'program', '(and', 'presentation)', '-', 'thanks', 'time', 'Rachel']"
2013-07-12 14:33:14+00:00,"Vonage Co-Founder And VoIP Pioneer Jeff Pulver's Next Call: Zula, A WhatsApp For Business http://techcrunch.com/2013/07/11/vonage-co-founder-and-voip-pioneer-jeff-pulvers-next-call-zula-a-whatsapp-for-business/ via @techcrunch","['Vonage', 'Co-Founder', 'And', 'VoIP', 'Pioneer', 'Jeff', ""Pulver's"", 'Next', 'Call:', 'Zula,', 'A', 'WhatsApp', 'For', 'Business', 'http://techcrunch.com/2013/07/11/vonage-co-founder-and-voip-pioneer-jeff-pulvers-next-call-zula-a-whatsapp-for-business/', 'via', '@techcrunch']"
2013-07-10 17:51:36+00:00,#retail #customerexperience #omnichannel http://ow.ly/mMdmi,"['#retail', '#customerexperience', '#omnichannel', 'http://ow.ly/mMdmi']"
2013-07-02 15:18:04+00:00,"@arthurtisi awesome, congrats!","['@arthurtisi', 'awesome,', 'congrats!']"
2013-07-01 21:37:51+00:00,"Wow, congrats! RT @mickbirch: We just bought Bebo back for $1m. Can we actually re-invent it? Who knows, but it will be fun trying…","['Wow,', 'congrats!', 'RT', '@mickbirch:', 'We', 'bought', 'Bebo', 'back', '$1m.', 'Can', 'actually', 're-invent', 'it?', 'Who', 'knows,', 'fun', 'trying…']"
2013-07-01 21:20:25+00:00,RT @jacobgoldstein: An MIT project that lets you spy on yourself http://n.pr/13md46I #metadata #dataviz,"['RT', '@jacobgoldstein:', 'An', 'MIT', 'project', 'let', 'spy', 'http://n.pr/13md46I', '#metadata', '#dataviz']"
2013-07-01 16:40:07+00:00,@marie_wallace talks #privacybydesign http://lnkd.in/23cK9X,"['@marie_wallace', 'talk', '#privacybydesign', 'http://lnkd.in/23cK9X']"
2013-06-28 17:56:16+00:00,RT @INNOV8game #ibmswchat For more! Website: http://www-935.ibm.com/services/us/gbs/gaming/ Podcast: http://gamesatwork.biz Thanks for joining!,"['RT', '@INNOV8game', '#ibmswchat', 'For', 'more!', 'Website:', 'http://www-935.ibm.com/services/us/gbs/gaming/', 'Podcast:', 'http://gamesatwork.biz', 'Thanks', 'joining!']"
2013-06-28 17:52:28+00:00,RT @INNOV8game #ibmswchat A5 there will be more examples like game Fold-It that will be disruptive approaches to solving problems w HUGE ROI,"['RT', '@INNOV8game', '#ibmswchat', 'A5', 'example', 'like', 'game', 'Fold-It', 'disruptive', 'approach', 'solving', 'problem', 'w', 'HUGE', 'ROI']"
2013-06-28 17:49:19+00:00,"A5 - more advanced in terms of incorporating real-time data, context...dynamic training for better decision-making #ibmswchat","['A5', '-', 'advanced', 'term', 'incorporating', 'real-time', 'data,', 'context...dynamic', 'training', 'better', 'decision-making', '#ibmswchat']"
2013-06-28 17:42:47+00:00,A4 #predictionmarkets can reveal who knows what and how well knowledge and insight is shared across org or ecosystem #ibmswchat,"['A4', '#predictionmarkets', 'reveal', 'know', 'well', 'knowledge', 'insight', 'shared', 'across', 'org', 'ecosystem', '#ibmswchat']"
2013-06-28 17:40:15+00:00,A4 think you need to include results in workforce analytics for professional development and employee/role alignment #ibmswchat,"['A4', 'think', 'need', 'include', 'result', 'workforce', 'analytics', 'professional', 'development', 'employee/role', 'alignment', '#ibmswchat']"
2013-06-28 17:34:20+00:00,RT @INNOV8game @IamOkema #ibmswchat Educators cannot afford NOT to use games. Honestly. Digital Natives + custom learning paths. Inevitable,"['RT', '@INNOV8game', '@IamOkema', '#ibmswchat', 'Educators', 'cannot', 'afford', 'NOT', 'use', 'games.', 'Honestly.', 'Digital', 'Natives', '+', 'custom', 'learning', 'paths.', 'Inevitable']"
2013-06-28 17:23:01+00:00,"@INNOV8game right, or 'behavior mechanics' #ibmswchat","['@INNOV8game', 'right,', ""'behavior"", ""mechanics'"", '#ibmswchat']"
2013-06-28 17:21:53+00:00,RT @INNOV8game #ibmswchat Serious games=use games to do more than entertain. Gamification=use techniques from games to drive user behavior,"['RT', '@INNOV8game', '#ibmswchat', 'Serious', 'games=use', 'game', 'entertain.', 'Gamification=use', 'technique', 'game', 'drive', 'user', 'behavior']"
2013-06-28 17:19:40+00:00,#ibmswchat A2: think there's important to overcome employee [dis]engagement; look at 2013 Gallup results,"['#ibmswchat', 'A2:', 'think', ""there's"", 'important', 'overcome', 'employee', '[dis]engagement;', 'look', '2013', 'Gallup', 'result']"
2013-06-28 17:13:07+00:00,"RT @INNOV8game #ibmswchat Games allow you to fail SAFELY. Learn collaboratively. They motivate, help you visualize complexity via metaphor.","['RT', '@INNOV8game', '#ibmswchat', 'Games', 'allow', 'fail', 'SAFELY.', 'Learn', 'collaboratively.', 'They', 'motivate,', 'help', 'visualize', 'complexity', 'via', 'metaphor.']"
2013-06-26 18:57:31+00:00,Dropbox's enterprise strategy: Be as 'ubiquitous' as possible | ZDNet http://lnkd.in/aCzpHz,"[""Dropbox's"", 'enterprise', 'strategy:', 'Be', ""'ubiquitous'"", 'possible', '|', 'ZDNet', 'http://lnkd.in/aCzpHz']"
2013-06-24 13:46:50+00:00,"For Solazyme, a Side Trip on the Way to Clean Fuel http://nyti.ms/10bj8w6 @Solazyme #SZYM #algenist #algae #biotech","['For', 'Solazyme,', 'Side', 'Trip', 'Way', 'Clean', 'Fuel', 'http://nyti.ms/10bj8w6', '@Solazyme', '#SZYM', '#algenist', '#algae', '#biotech']"
2013-06-24 02:55:38+00:00,"If The Government Can Access Our Facebook Data, What Happens When We Have Computers On Our Faces? http://techcrunch.com/2013/06/23/government-spying-is-another-reason-to-slow-down-the-wearable-computing-hype/ via @TechCrunch","['If', 'The', 'Government', 'Can', 'Access', 'Our', 'Facebook', 'Data,', 'What', 'Happens', 'When', 'We', 'Have', 'Computers', 'On', 'Our', 'Faces?', 'http://techcrunch.com/2013/06/23/government-spying-is-another-reason-to-slow-down-the-wearable-computing-hype/', 'via', '@TechCrunch']"
2013-06-23 23:46:50+00:00,Everything you want to know about Android's new Navigation Drawer http://m.androidcentral.com/everything-you-want-know-about-android-s-new-navigation-drawer,"['Everything', 'want', 'know', ""Android's"", 'new', 'Navigation', 'Drawer', 'http://m.androidcentral.com/everything-you-want-know-about-android-s-new-navigation-drawer']"
2013-06-18 19:42:02+00:00,"Minuum, The Super Simple Software Keyboard, Launches Android Beta Today http://techcrunch.com/2013/06/18/minuum-the-super-simple-software-keyboard-launches-android-beta-today/ via @TechCrunch","['Minuum,', 'The', 'Super', 'Simple', 'Software', 'Keyboard,', 'Launches', 'Android', 'Beta', 'Today', 'http://techcrunch.com/2013/06/18/minuum-the-super-simple-software-keyboard-launches-android-beta-today/', 'via', '@TechCrunch']"
2013-06-17 23:11:04+00:00,"This sesh s/b req'd >> ""IDC innovation mgmt breakfast briefing at #e2conf Tues am http://goo.gl/zDjpK use code CMIDC13"" @vanessathomps","['This', 'sesh', 's/b', ""req'd"", '>>', '""IDC', 'innovation', 'mgmt', 'breakfast', 'briefing', '#e2conf', 'Tues', 'http://goo.gl/zDjpK', 'use', 'code', 'CMIDC13""', '@vanessathomps']"
2013-06-17 22:57:25+00:00,Checking out this innovative ideation experiment from @BritishAirways http://ungroundedthinking.com #collectiveintel,"['Checking', 'innovative', 'ideation', 'experiment', '@BritishAirways', 'http://ungroundedthinking.com', '#collectiveintel']"
2013-06-14 19:37:55+00:00,MIT’s Thomas Malone on Collective Intelligence #FoW #smarterworkforce http://lnkd.in/AgJ-vJ,"['MIT’s', 'Thomas', 'Malone', 'Collective', 'Intelligence', '#FoW', '#smarterworkforce', 'http://lnkd.in/AgJ-vJ']"
2013-06-12 15:17:13+00:00,A non traditional approach to enterprise learning by @darrel_rader and @aitch http://www.slideshare.net/ibmrational/a-non-traditional-approach-to-enterprise-learning #ibmrational #socbiz #FoW,"['A', 'non', 'traditional', 'approach', 'enterprise', 'learning', '@darrel_rader', '@aitch', 'http://www.slideshare.net/ibmrational/a-non-traditional-approach-to-enterprise-learning', '#ibmrational', '#socbiz', '#FoW']"
2013-06-11 18:01:10+00:00,Great insights on #onboarding and building #smarterworkforce from @sunitanavile #socbiz #FoW http://lnkd.in/6VZ9UQ,"['Great', 'insight', '#onboarding', 'building', '#smarterworkforce', '@sunitanavile', '#socbiz', '#FoW', 'http://lnkd.in/6VZ9UQ']"
2013-06-11 01:55:53+00:00,#collectiveintel #socbiz #ideation #innovation #IDEO http://lnkd.in/u_zSqu,"['#collectiveintel', '#socbiz', '#ideation', '#innovation', '#IDEO', 'http://lnkd.in/u_zSqu']"
2013-06-10 16:30:10+00:00,"After Picking Up ExactTarget, Salesforce Buys Enterprise Business Intelligence And Analytics Startup EdgeSpring http://lnkd.in/VGdxbk","['After', 'Picking', 'Up', 'ExactTarget,', 'Salesforce', 'Buys', 'Enterprise', 'Business', 'Intelligence', 'And', 'Analytics', 'Startup', 'EdgeSpring', 'http://lnkd.in/VGdxbk']"
2013-06-03 16:03:30+00:00,Tours of Duty: The New Employer-Employee Compact - Harvard Business Review http://lnkd.in/GnYYmJ,"['Tours', 'Duty:', 'The', 'New', 'Employer-Employee', 'Compact', '-', 'Harvard', 'Business', 'Review', 'http://lnkd.in/GnYYmJ']"
2013-06-01 19:28:59+00:00,"Engage Your Workforce, No Coddling Required http://www.talentculture.com/workplace-culture-and-innovation/engage-your-workforce-no-coddling-required/ via @TalentCulture #FoW #engagement #socbiz","['Engage', 'Your', 'Workforce,', 'No', 'Coddling', 'Required', 'http://www.talentculture.com/workplace-culture-and-innovation/engage-your-workforce-no-coddling-required/', 'via', '@TalentCulture', '#FoW', '#engagement', '#socbiz']"
2013-05-31 16:36:53+00:00,@michaelrowe01 @GamesAtWork_Biz @INNOV8game @carolinabigblue got it...as you were :),"['@michaelrowe01', '@GamesAtWork_Biz', '@INNOV8game', '@carolinabigblue', 'got', 'it...as', ':)']"
2013-05-31 16:35:16+00:00,@michaelrowe01 @GamesAtWork_Biz @INNOV8game @carolinabigblue got a link for us?,"['@michaelrowe01', '@GamesAtWork_Biz', '@INNOV8game', '@carolinabigblue', 'got', 'link', 'us?']"
2013-05-20 19:37:43+00:00,Minbox Is YouSendIt On Speed http://techcrunch.com/2013/05/20/minbox-is-yousendit-on-speed/ via @techcrunch,"['Minbox', 'Is', 'YouSendIt', 'On', 'Speed', 'http://techcrunch.com/2013/05/20/minbox-is-yousendit-on-speed/', 'via', '@techcrunch']"
2013-05-20 17:59:05+00:00,#smarterworkforce #socbiz http://lnkd.in/k842bP,"['#smarterworkforce', '#socbiz', 'http://lnkd.in/k842bP']"
2013-05-20 01:58:57+00:00,http://bit.ly/14FthRA http://lnkd.in/gmCH-a,"['http://bit.ly/14FthRA', 'http://lnkd.in/gmCH-a']"
2013-05-16 21:35:45+00:00,Goldman Sachs makes a $500 million bet on Elon Musk’s solar business http://lnkd.in/xkDB2H,"['Goldman', 'Sachs', 'make', '$500', 'million', 'bet', 'Elon', 'Musk’s', 'solar', 'business', 'http://lnkd.in/xkDB2H']"
2013-05-16 13:27:27+00:00,"@Hertz I'm not AAA. How abt discounts for YOUR loyal Gold customers. (Y'know boosters are cheaper than child seats, yet u charge 2x for 'em)","['@Hertz', ""I'm"", 'AAA.', 'How', 'abt', 'discount', 'YOUR', 'loyal', 'Gold', 'customers.', ""(Y'know"", 'booster', 'cheaper', 'child', 'seats,', 'yet', 'u', 'charge', '2x', ""'em)""]"
2013-05-15 21:35:40+00:00,@Hertz so $145/week for full-size rental is great deal. Charging me $72/week for booster seat is just plain wrong. I could buy one cheaper,"['@Hertz', '$145/week', 'full-size', 'rental', 'great', 'deal.', 'Charging', '$72/week', 'booster', 'seat', 'plain', 'wrong.', 'I', 'could', 'buy', 'one', 'cheaper']"
2013-05-03 15:02:46+00:00,What Would Ashton Do—and Does It Matter? - Harvard Business Review http://lnkd.in/v2tNyD,"['What', 'Would', 'Ashton', 'Do—and', 'Does', 'It', 'Matter?', '-', 'Harvard', 'Business', 'Review', 'http://lnkd.in/v2tNyD']"
2013-05-02 19:12:05+00:00,"@dherman76 @MikeBrownJr sounds like a good plan, congrats...even if digital natives aren't CxOs they clearly are having increasing influence","['@dherman76', '@MikeBrownJr', 'sound', 'like', 'good', 'plan,', 'congrats...even', 'digital', 'native', 'CxOs', 'clearly', 'increasing', 'influence']"
2013-04-18 20:17:43+00:00,"Get ready for new gadgets from Evernote -- yes, Evernote http://lnkd.in/wuhfxV","['Get', 'ready', 'new', 'gadget', 'Evernote', '--', 'yes,', 'Evernote', 'http://lnkd.in/wuhfxV']"
2013-04-11 03:25:49+00:00,G.E. Turns to the Crowd for Help in Creating Consumer Products http://lnkd.in/jA4WAs,"['G.E.', 'Turns', 'Crowd', 'Help', 'Creating', 'Consumer', 'Products', 'http://lnkd.in/jA4WAs']"
2013-04-02 16:29:59+00:00,2013 Big Data Survey http://ibm.co/10rcMWU,"['2013', 'Big', 'Data', 'Survey', 'http://ibm.co/10rcMWU']"
2013-04-02 03:55:33+00:00,The Hunt for Talent: How Social and Analytics are Reinventing the Art of HR http://lnkd.in/AfwQNS,"['The', 'Hunt', 'Talent:', 'How', 'Social', 'Analytics', 'Reinventing', 'Art', 'HR', 'http://lnkd.in/AfwQNS']"
2013-03-20 19:02:46+00:00,The Official Launch of the Yummly Recipe API http://lnkd.in/QbcbMi,"['The', 'Official', 'Launch', 'Yummly', 'Recipe', 'API', 'http://lnkd.in/QbcbMi']"
2013-03-20 14:36:36+00:00,How Influencers Will Change the Way we Innovate (Video) http://onforb.es/YFpUVK,"['How', 'Influencers', 'Will', 'Change', 'Way', 'Innovate', '(Video)', 'http://onforb.es/YFpUVK']"
2013-03-18 17:27:58+00:00,IBM Research: IBM Customer Experience Lab http://ibm.co/YdJGKM #ibmresearch via @ibmresearch,"['IBM', 'Research:', 'IBM', 'Customer', 'Experience', 'Lab', 'http://ibm.co/YdJGKM', '#ibmresearch', 'via', '@ibmresearch']"
2013-03-18 04:03:29+00:00,"Uber, Data Darwinism and the future of work http://dlvr.it/35d7x2","['Uber,', 'Data', 'Darwinism', 'future', 'work', 'http://dlvr.it/35d7x2']"
2013-03-13 19:40:55+00:00,"@deb_lavoy based on my recent experience, Windows 7 AND OS X, it's the latter","['@deb_lavoy', 'based', 'recent', 'experience,', 'Windows', '7', 'AND', 'OS', 'X,', 'latter']"
2013-03-13 18:09:16+00:00,Is there a reason all my 'LinkedIn Today' recommendations are 5 months old (AND won't refresh)? Anyone else getting this no-longer-news?,"['Is', 'reason', ""'LinkedIn"", ""Today'"", 'recommendation', '5', 'month', 'old', '(AND', 'refresh)?', 'Anyone', 'else', 'getting', 'no-longer-news?']"
2013-03-07 21:47:27+00:00,Why Don't We Dig Deeper into the Sand of Social Data - Forbes http://onforb.es/12xJprp,"['Why', ""Don't"", 'We', 'Dig', 'Deeper', 'Sand', 'Social', 'Data', '-', 'Forbes', 'http://onforb.es/12xJprp']"
2013-03-07 20:20:45+00:00,Twitter Ads Get DVR-Like Buying Platform http://www.adweek.com/news/technology/twitter-ads-get-dvr-buying-platform-147754,"['Twitter', 'Ads', 'Get', 'DVR-Like', 'Buying', 'Platform', 'http://www.adweek.com/news/technology/twitter-ads-get-dvr-buying-platform-147754']"
2013-03-07 19:13:09+00:00,@scottpenberthy didn't recognize you without the coffee,"['@scottpenberthy', 'recognize', 'without', 'coffee']"
2013-03-04 22:21:48+00:00,"Problem with Our Data Obsession http://techre.vu/ZaYVBP &gt;&gt; thought-provoking post on misuse of #bigdata, importance of '4th V' (veracity)","['Problem', 'Our', 'Data', 'Obsession', 'http://techre.vu/ZaYVBP', '&gt;&gt;', 'thought-provoking', 'post', 'misuse', '#bigdata,', 'importance', ""'4th"", ""V'"", '(veracity)']"
2013-03-03 15:53:22+00:00,"Crossover Rewards a Unique Opportunity for Delta, Starwood Customer Loyalty http://loyalty360.org//resources/article/crossover-rewards-a-unique-opportunity-for-delta-starwood-customer-loyalty &gt;&gt; sounds great...if only I liked Delta","['Crossover', 'Rewards', 'Unique', 'Opportunity', 'Delta,', 'Starwood', 'Customer', 'Loyalty', 'http://loyalty360.org//resources/article/crossover-rewards-a-unique-opportunity-for-delta-starwood-customer-loyalty', '&gt;&gt;', 'sound', 'great...if', 'I', 'liked', 'Delta']"
2013-03-03 03:55:04+00:00,"@jameskobielus :) what’s your rush? besides, I’m sure there are countless existing ideas that could use your help to refine and progress","['@jameskobielus', ':)', 'what’s', 'rush?', 'besides,', 'I’m', 'sure', 'countless', 'existing', 'idea', 'could', 'use', 'help', 'refine', 'progress']"
2013-03-03 02:49:38+00:00,@dherman76 @kennyherman next upgrade? RT @MotorTrend: The $1.15-Million @McLarenAuto #P1 Hits 186 mph in 17 Seconds http://flip.it/uk20x,"['@dherman76', '@kennyherman', 'next', 'upgrade?', 'RT', '@MotorTrend:', 'The', '$1.15-Million', '@McLarenAuto', '#P1', 'Hits', '186', 'mph', '17', 'Seconds', 'http://flip.it/uk20x']"
2013-03-02 22:07:32+00:00,This Disc Made Of Clay And Sawdust Can Make Any Water Disease-Free http://pulse.me/s/j4Wjn,"['This', 'Disc', 'Made', 'Of', 'Clay', 'And', 'Sawdust', 'Can', 'Make', 'Any', 'Water', 'Disease-Free', 'http://pulse.me/s/j4Wjn']"
2013-03-01 23:17:54+00:00,"@RudyKarsan take a look at my ‘socbiz-brains’ and ‘thoughtleaders’ lists, for example","['@RudyKarsan', 'take', 'look', '‘socbiz-brains’', '‘thoughtleaders’', 'lists,', 'example']"
2013-03-01 23:01:30+00:00,"@RudyKarsan of course, welcome! Look thru social IBMers’ ‘following’ &amp; curated lists, plus #smarterworkforce, #FoW &amp; #collectiveintel users","['@RudyKarsan', 'course,', 'welcome!', 'Look', 'thru', 'social', 'IBMers’', '‘following’', '&amp;', 'curated', 'lists,', 'plus', '#smarterworkforce,', '#FoW', '&amp;', '#collectiveintel', 'user']"
2013-03-01 20:48:28+00:00,IBM computer helps make meal for Wall Street analysts - http://SiliconValley.com http://www.siliconvalley.com/ci_22691263/ibms-computer-cooks-up-big-data-treat-wall &gt;&gt; how were the cookies? cc: @yummly,"['IBM', 'computer', 'help', 'make', 'meal', 'Wall', 'Street', 'analyst', '-', 'http://SiliconValley.com', 'http://www.siliconvalley.com/ci_22691263/ibms-computer-cooks-up-big-data-treat-wall', '&gt;&gt;', 'cookies?', 'cc:', '@yummly']"
2013-03-01 18:14:40+00:00,"IBM, big data and food safety http://venturebeat.com/2013/03/01/ibm-brings-big-data-tech-to-food-to-prevent-the-next-horse-meat-scandal/","['IBM,', 'big', 'data', 'food', 'safety', 'http://venturebeat.com/2013/03/01/ibm-brings-big-data-tech-to-food-to-prevent-the-next-horse-meat-scandal/']"
2013-03-01 18:04:11+00:00,@cultofmac I’m not creative enough to enter contest but ‘OS X Bobcat’ would be my top naming choice…someone run with that [cat],"['@cultofmac', 'I’m', 'creative', 'enough', 'enter', 'contest', '‘OS', 'X', 'Bobcat’', 'would', 'top', 'naming', 'choice…someone', 'run', '[cat]']"
2013-03-01 17:52:20+00:00,"Great post, idea RT @tiffanyshlain: ""Tech's Best Feature: The Off Switch"" my essay in @HarvardBiz http://bit.ly/WlxSZm #unplug","['Great', 'post,', 'idea', 'RT', '@tiffanyshlain:', '""Tech\'s', 'Best', 'Feature:', 'The', 'Off', 'Switch""', 'essay', '@HarvardBiz', 'http://bit.ly/WlxSZm', '#unplug']"
2013-03-01 17:08:42+00:00,@Flipboard didn’t you used to have an embedded URL shortener? Am I missing something when trying to share? Thx,"['@Flipboard', 'didn’t', 'used', 'embedded', 'URL', 'shortener?', 'Am', 'I', 'missing', 'something', 'trying', 'share?', 'Thx']"
2013-03-01 16:51:17+00:00,"Groupon Fires Its CEO, Andrew Mason http://flip.it/QY3fG","['Groupon', 'Fires', 'Its', 'CEO,', 'Andrew', 'Mason', 'http://flip.it/QY3fG']"
2013-02-27 18:43:27+00:00,How Big Data Can Boost Weather Forecasting http://lnkd.in/KAkYRK,"['How', 'Big', 'Data', 'Can', 'Boost', 'Weather', 'Forecasting', 'http://lnkd.in/KAkYRK']"
2013-02-26 18:13:22+00:00,Data Science or Analytics? - Forbes http://lnkd.in/F73HP3,"['Data', 'Science', 'Analytics?', '-', 'Forbes', 'http://lnkd.in/F73HP3']"
2013-02-26 03:58:48+00:00,What Business Leaders Can Learn from ‘Generation Mobile’ http://www.huffingtonpost.com/jerry-cuomo/ibm-what-business-leaders-can_1_b_2696519.html,"['What', 'Business', 'Leaders', 'Can', 'Learn', '‘Generation', 'Mobile’', 'http://www.huffingtonpost.com/jerry-cuomo/ibm-what-business-leaders-can_1_b_2696519.html']"
2013-02-26 03:29:20+00:00,What Business Leaders Can Learn from 'Generation Mobile' http://huff.to/YvSSXK via @HuffPostTech #smarterplanet #ibmmobile #MWC,"['What', 'Business', 'Leaders', 'Can', 'Learn', ""'Generation"", ""Mobile'"", 'http://huff.to/YvSSXK', 'via', '@HuffPostTech', '#smarterplanet', '#ibmmobile', '#MWC']"
2013-02-25 20:24:55+00:00,@briansolis why is 64% stat so surprising? Isn't this venting/casual mention vs. opting in to use social media as customer service channel?,"['@briansolis', '64%', 'stat', 'surprising?', ""Isn't"", 'venting/casual', 'mention', 'vs.', 'opting', 'use', 'social', 'medium', 'customer', 'service', 'channel?']"
2013-02-25 18:01:38+00:00,The next frontier http://lnkd.in/irrGuR,"['The', 'next', 'frontier', 'http://lnkd.in/irrGuR']"
2013-02-22 17:28:10+00:00,"Google's Chromebook Pixel: A high-end, high-priced touchscreen laptop - http://SiliconValley.com http://www.siliconvalley.com/news/ci_22637796/google-unveils-chromebook-pixel-touchscreen-laptop-high-end-cloud","[""Google's"", 'Chromebook', 'Pixel:', 'A', 'high-end,', 'high-priced', 'touchscreen', 'laptop', '-', 'http://SiliconValley.com', 'http://www.siliconvalley.com/news/ci_22637796/google-unveils-chromebook-pixel-touchscreen-laptop-high-end-cloud']"
2013-02-22 14:17:41+00:00,Get Satisfaction Teams with Badgeville to Join Gamification and... http://lnkd.in/pgRn6W,"['Get', 'Satisfaction', 'Teams', 'Badgeville', 'Join', 'Gamification', 'and...', 'http://lnkd.in/pgRn6W']"
2013-02-22 03:37:50+00:00,A More User-Friendly Myers-Brigg Test http://lnkd.in/ShttGU,"['A', 'More', 'User-Friendly', 'Myers-Brigg', 'Test', 'http://lnkd.in/ShttGU']"
2013-02-21 15:50:14+00:00,Best Buy Says It Has Killed 'Showrooming' For Good http://www.businessinsider.com/best-buy-new-price-matching-policy-2013-2?0=retail &gt;&gt; I struggle to get VZW signal in stores to even do price comparo,"['Best', 'Buy', 'Says', 'It', 'Has', 'Killed', ""'Showrooming'"", 'For', 'Good', 'http://www.businessinsider.com/best-buy-new-price-matching-policy-2013-2?0=retail', '&gt;&gt;', 'I', 'struggle', 'get', 'VZW', 'signal', 'store', 'even', 'price', 'comparo']"
2013-02-21 15:31:05+00:00,I.B.M. to Take Big Step Into Mobile http://gag.gl/TNgdw,"['I.B.M.', 'Take', 'Big', 'Step', 'Into', 'Mobile', 'http://gag.gl/TNgdw']"
2013-02-21 15:30:36+00:00,Announcing IBM MobileFirst http://lnkd.in/i3ESqs,"['Announcing', 'IBM', 'MobileFirst', 'http://lnkd.in/i3ESqs']"
2013-02-19 16:14:47+00:00,http://shrm.org http://lnkd.in/uVSbAS,"['http://shrm.org', 'http://lnkd.in/uVSbAS']"
2013-02-15 15:49:20+00:00,I'm a Top 5% Influencer with an Elite #Kred Score of 689! See what your @Kred Score is at http://kred.com #FWIW,"[""I'm"", 'Top', '5%', 'Influencer', 'Elite', '#Kred', 'Score', '689!', 'See', '@Kred', 'Score', 'http://kred.com', '#FWIW']"
2013-02-13 16:03:28+00:00,Why Obama Praised IBM's Brooklyn Education Model http://buswk.co/WlYIx3 via @BW #smartereducation #PTECH,"['Why', 'Obama', 'Praised', ""IBM's"", 'Brooklyn', 'Education', 'Model', 'http://buswk.co/WlYIx3', 'via', '@BW', '#smartereducation', '#PTECH']"
2013-02-13 15:20:48+00:00,Education for a Smarter Planet http://lnkd.in/YN6UnC,"['Education', 'Smarter', 'Planet', 'http://lnkd.in/YN6UnC']"
2013-02-13 15:05:47+00:00,Social Enterprise Intelligence: Improving Companies Through Employee Analytics http://lnkd.in/enbjpQ,"['Social', 'Enterprise', 'Intelligence:', 'Improving', 'Companies', 'Through', 'Employee', 'Analytics', 'http://lnkd.in/enbjpQ']"
2013-02-13 13:52:29+00:00,"@JSussin :) windows 7, I presume? hopefully you're not with a client","['@JSussin', ':)', 'window', '7,', 'I', 'presume?', 'hopefully', 'client']"
2013-02-12 03:11:15+00:00,IBM's Watson Could Be Healthcare Game Changer http://twb.io/14O0c6Y via @InformationWeek,"[""IBM's"", 'Watson', 'Could', 'Be', 'Healthcare', 'Game', 'Changer', 'http://twb.io/14O0c6Y', 'via', '@InformationWeek']"
2013-02-11 22:04:37+00:00,The #1 Career Mistake Capable People Make | LinkedIn http://www.linkedin.com/today/post/article/20121206081322-8353952-the-1-career-mistake-capable-people-make,"['The', '#1', 'Career', 'Mistake', 'Capable', 'People', 'Make', '|', 'LinkedIn', 'http://www.linkedin.com/today/post/article/20121206081322-8353952-the-1-career-mistake-capable-people-make']"
2013-02-11 16:30:21+00:00,Your Social Profile Must Be Amazing! http://lnkd.in/K5Bpm9,"['Your', 'Social', 'Profile', 'Must', 'Be', 'Amazing!', 'http://lnkd.in/K5Bpm9']"
2013-02-11 14:51:54+00:00,Darren:Herman http://lnkd.in/2Y_HEr,"['Darren:Herman', 'http://lnkd.in/2Y_HEr']"
2013-02-07 16:18:36+00:00,What the Intelligence Community Is Doing With Big Data http://buswk.co/VRdLyJ via @BW,"['What', 'Intelligence', 'Community', 'Is', 'Doing', 'With', 'Big', 'Data', 'http://buswk.co/VRdLyJ', 'via', '@BW']"
2013-02-07 15:27:40+00:00,"PEOPLEBROWSR ACQUIRES SWAYLO – Influence Measure, Kred, Now Scores Over 500 Million Profiles | Kred Blog http://blog.kred.com/2013/02/peoplebrowsr-acquires-swaylo-influence-measure-kred-now-scores-over-500-million-profiles/","['PEOPLEBROWSR', 'ACQUIRES', 'SWAYLO', '–', 'Influence', 'Measure,', 'Kred,', 'Now', 'Scores', 'Over', '500', 'Million', 'Profiles', '|', 'Kred', 'Blog', 'http://blog.kred.com/2013/02/peoplebrowsr-acquires-swaylo-influence-measure-kred-now-scores-over-500-million-profiles/']"
2013-02-07 15:21:36+00:00,"PEOPLEBROWSR ACQUIRES SWAYLO – Influence Measure, Kred, Now Scores Over 500 Million Profiles http://lnkd.in/YbkFuC","['PEOPLEBROWSR', 'ACQUIRES', 'SWAYLO', '–', 'Influence', 'Measure,', 'Kred,', 'Now', 'Scores', 'Over', '500', 'Million', 'Profiles', 'http://lnkd.in/YbkFuC']"
2013-02-06 19:22:52+00:00,No More Boring Software http://lnkd.in/UekGch,"['No', 'More', 'Boring', 'Software', 'http://lnkd.in/UekGch']"
2013-02-05 21:09:41+00:00,Ticketmaster is an absolute joke. But you knew that...,"['Ticketmaster', 'absolute', 'joke.', 'But', 'knew', 'that...']"
2013-02-05 20:44:49+00:00,"The Future of Work: Quantified Employees, Pop-Up Workplaces, And More Telepresence http://lnkd.in/EBmVpZ","['The', 'Future', 'Work:', 'Quantified', 'Employees,', 'Pop-Up', 'Workplaces,', 'And', 'More', 'Telepresence', 'http://lnkd.in/EBmVpZ']"
2013-02-05 03:09:51+00:00,"Anticipating domestic boom, colleges rev up drone piloting programs http://nbcnews.to/WL5w8N via @openchannelblog","['Anticipating', 'domestic', 'boom,', 'college', 'rev', 'drone', 'piloting', 'program', 'http://nbcnews.to/WL5w8N', 'via', '@openchannelblog']"
2013-02-04 15:35:12+00:00,CRM Watchlist 2013 Lifetime Achievement: IBM Institute for Business Value http://www.zdnet.com/crm-watchlist-2013-lifetime-achievement-ibm-institute-for-business-value-7000010289/ #IBV #thoughtleadership,"['CRM', 'Watchlist', '2013', 'Lifetime', 'Achievement:', 'IBM', 'Institute', 'Business', 'Value', 'http://www.zdnet.com/crm-watchlist-2013-lifetime-achievement-ibm-institute-for-business-value-7000010289/', '#IBV', '#thoughtleadership']"
2013-02-01 23:04:25+00:00,@dgarberHDS check with @yummly,"['@dgarberHDS', 'check', '@yummly']"
2013-02-01 19:16:43+00:00,"@LNIngram @vanessathomps with #socialanalytics, ideation process could dynamically, contextually reveal experts to progress idea #sbschat","['@LNIngram', '@vanessathomps', '#socialanalytics,', 'ideation', 'process', 'could', 'dynamically,', 'contextually', 'reveal', 'expert', 'progress', 'idea', '#sbschat']"
2013-02-01 18:28:38+00:00,"@timdifford @LNIngram maybe, but ppl have to get some benefit from contributing their ideas, insight; even small acknowledgement #sbschat","['@timdifford', '@LNIngram', 'maybe,', 'ppl', 'get', 'benefit', 'contributing', 'ideas,', 'insight;', 'even', 'small', 'acknowledgement', '#sbschat']"
2013-02-01 18:20:39+00:00,"A2: engagement and trust across ecosystem, vetting process and tools, exec support, rewards, recognition #sbschat","['A2:', 'engagement', 'trust', 'across', 'ecosystem,', 'vetting', 'process', 'tools,', 'exec', 'support,', 'rewards,', 'recognition', '#sbschat']"
2013-02-01 18:16:14+00:00,"@LNIngram absolutely...I think 'acting on ideas', maintaining and rewarding active pipeline is where orgs struggle #sbschat","['@LNIngram', 'absolutely...I', 'think', ""'acting"", ""ideas',"", 'maintaining', 'rewarding', 'active', 'pipeline', 'orgs', 'struggle', '#sbschat']"
2013-02-01 18:13:22+00:00,@cllord agree...former IBM CEO Sam Palmisano defined innovation as 'the intersection of invention and insight' #sbschat,"['@cllord', 'agree...former', 'IBM', 'CEO', 'Sam', 'Palmisano', 'defined', 'innovation', ""'the"", 'intersection', 'invention', ""insight'"", '#sbschat']"
2013-02-01 16:08:55+00:00,IBM Provokes Social Collaboration and Smarter Workforce Revolution http://zite.to/11mpFW8,"['IBM', 'Provokes', 'Social', 'Collaboration', 'Smarter', 'Workforce', 'Revolution', 'http://zite.to/11mpFW8']"
2013-02-01 16:08:16+00:00,IBM Launches its Smarter Workforce Initiative - Forbes http://lnkd.in/bEvMHt,"['IBM', 'Launches', 'Smarter', 'Workforce', 'Initiative', '-', 'Forbes', 'http://lnkd.in/bEvMHt']"
2013-01-30 18:11:56+00:00,@elsua enjoy...let me know what your favorite Innovation Lab demos are...hopefully I can get them at the ISL to show clients myself,"['@elsua', 'enjoy...let', 'know', 'favorite', 'Innovation', 'Lab', 'demo', 'are...hopefully', 'I', 'get', 'ISL', 'show', 'client']"
2013-01-30 03:31:47+00:00,"Ben Harper & Charlie Musselwhite, Irving Plaza #bluesfest","['Ben', 'Harper', '&', 'Charlie', 'Musselwhite,', 'Irving', 'Plaza', '#bluesfest']"
2013-01-29 19:32:17+00:00,@jaferrar wish I was there. it's an impressive set of solutions...any favorites? curious how Work Marketplace is coming along #IBMConnect,"['@jaferrar', 'wish', 'I', 'there.', 'impressive', 'set', 'solutions...any', 'favorites?', 'curious', 'Work', 'Marketplace', 'coming', 'along', '#IBMConnect']"
2013-01-29 16:24:34+00:00,Think. Smarter. Together. #collectiveintel #smarterworkforce #engagement #IBMConnect - ##IBMConnect live on http://livestream.com/ibmsoftware,"['Think.', 'Smarter.', 'Together.', '#collectiveintel', '#smarterworkforce', '#engagement', '#IBMConnect', '-', '##IBMConnect', 'live', 'http://livestream.com/ibmsoftware']"
2013-01-29 14:46:49+00:00,From Liking to Leading: The Purposeful Application of Social Technology #ibmconnect http://lnkd.in/4kU2Rq,"['From', 'Liking', 'Leading:', 'The', 'Purposeful', 'Application', 'Social', 'Technology', '#ibmconnect', 'http://lnkd.in/4kU2Rq']"
2013-01-29 14:35:13+00:00,"Picciano says Cognos Consumer Insight now IBM Social Media Analytics; SaaS-based, Chinese sentiment, other new analytics goodies #IBMConnect","['Picciano', 'say', 'Cognos', 'Consumer', 'Insight', 'IBM', 'Social', 'Media', 'Analytics;', 'SaaS-based,', 'Chinese', 'sentiment,', 'new', 'analytics', 'goody', '#IBMConnect']"
2013-01-29 14:30:05+00:00,@DTurnerBlogs absolutely. And solutions which harness #collectiveintel can bridge systems of record and systems of engagement #IBMConnect,"['@DTurnerBlogs', 'absolutely.', 'And', 'solution', 'harness', '#collectiveintel', 'bridge', 'system', 'record', 'system', 'engagement', '#IBMConnect']"
2013-01-28 15:30:53+00:00,"@techguerilla @sandy_carter fair point, Matt :)","['@techguerilla', '@sandy_carter', 'fair', 'point,', 'Matt', ':)']"
2013-01-28 15:22:46+00:00,"@JSussin hey, be happy you're there...snowing in NY :P","['@JSussin', 'hey,', 'happy', 'there...snowing', 'NY', ':P']"
2013-01-28 15:19:01+00:00,@techguerilla @sandy_carter or incentivized appropriately #gamification,"['@techguerilla', '@sandy_carter', 'incentivized', 'appropriately', '#gamification']"
2013-01-28 14:41:59+00:00,Rudy Karsan of @Kenexa puts #collectiveintel on center stage at #IBMConnect OGS - ##IBMConnect live on http://livestream.com/ibmsoftware,"['Rudy', 'Karsan', '@Kenexa', 'put', '#collectiveintel', 'center', 'stage', '#IBMConnect', 'OGS', '-', '##IBMConnect', 'live', 'http://livestream.com/ibmsoftware']"
2013-01-25 17:57:50+00:00,"From Inside Out, Speed Your Company's Social Transformation - Forbes http://onforb.es/WTqEWi via @ethanmcc #socbiz #collectiveintel #FoW","['From', 'Inside', 'Out,', 'Speed', 'Your', ""Company's"", 'Social', 'Transformation', '-', 'Forbes', 'http://onforb.es/WTqEWi', 'via', '@ethanmcc', '#socbiz', '#collectiveintel', '#FoW']"
2013-01-18 15:51:20+00:00,Official list of Innovation Lab demos @IBMConnect http://wp.me/p13vSu-vy via @marie_wallace #socbiz #smarterworkforce #socialanalytics,"['Official', 'list', 'Innovation', 'Lab', 'demo', '@IBMConnect', 'http://wp.me/p13vSu-vy', 'via', '@marie_wallace', '#socbiz', '#smarterworkforce', '#socialanalytics']"
2013-01-16 17:39:01+00:00,"Is Cognitive Computing the Next Disruptive Technology? - AAPL, IBM, NUAN - Foolish Blogging Network http://beta.fool.com/shwetadubey/2013/01/07/cognitive-computing-next-disruptive-technology/20111/?logvisit=y&amp;published=2013-01-07&amp;source=eptcnnlnk0000001","['Is', 'Cognitive', 'Computing', 'Next', 'Disruptive', 'Technology?', '-', 'AAPL,', 'IBM,', 'NUAN', '-', 'Foolish', 'Blogging', 'Network', 'http://beta.fool.com/shwetadubey/2013/01/07/cognitive-computing-next-disruptive-technology/20111/?logvisit=y&amp;published=2013-01-07&amp;source=eptcnnlnk0000001']"
2013-01-16 17:29:49+00:00,"Is Cognitive Computing the Next Disruptive Technology? - AAPL, IBM, NUAN - Foolish Blogging Network: http://beta.fool.com/shwetadubey/2013/01/07/cognitive-computing-next-disruptive-technology/20111/?logvisit=y&amp;published=2013-01-07&amp;source=eptcnnlnk0000001#.UPbjKGEY4ko.twitter via @themotleyfool","['Is', 'Cognitive', 'Computing', 'Next', 'Disruptive', 'Technology?', '-', 'AAPL,', 'IBM,', 'NUAN', '-', 'Foolish', 'Blogging', 'Network:', 'http://beta.fool.com/shwetadubey/2013/01/07/cognitive-computing-next-disruptive-technology/20111/?logvisit=y&amp;published=2013-01-07&amp;source=eptcnnlnk0000001#.UPbjKGEY4ko.twitter', 'via', '@themotleyfool']"
2013-01-10 16:48:58+00:00,A Picture Explains a Lot of Data http://lnkd.in/W58fP3,"['A', 'Picture', 'Explains', 'Lot', 'Data', 'http://lnkd.in/W58fP3']"
2013-01-07 17:08:50+00:00,"How Crowdsourcing Will Affect HR in 2013 » Employee Engagement, Recognition and Reward Commentary | Globoforce Blog http://www.globoforce.com/gfblog/2013/how-crowdsourcing-will-affect-hr-in-2013/#.UOsBFV-f3UM.twitter","['How', 'Crowdsourcing', 'Will', 'Affect', 'HR', '2013', '»', 'Employee', 'Engagement,', 'Recognition', 'Reward', 'Commentary', '|', 'Globoforce', 'Blog', 'http://www.globoforce.com/gfblog/2013/how-crowdsourcing-will-affect-hr-in-2013/#.UOsBFV-f3UM.twitter']"
2012-12-20 21:58:20+00:00,"Social Business in 2013: A Challenge, An Opportunity, A Commitment http://lnkd.in/iTsw58","['Social', 'Business', '2013:', 'A', 'Challenge,', 'An', 'Opportunity,', 'A', 'Commitment', 'http://lnkd.in/iTsw58']"
2012-12-05 20:59:30+00:00,"@webtechman cancelable biometrics - unique, morphed version of your fingerprint for each account, easily replaced if compromised","['@webtechman', 'cancelable', 'biometrics', '-', 'unique,', 'morphed', 'version', 'fingerprint', 'account,', 'easily', 'replaced', 'compromised']"
2012-12-05 20:55:19+00:00,RT @swg71: Deciding to pay your 401K match at end of year if employed on 12/15 is first step to dropping 401K match altogether… uh oh.,"['RT', '@swg71:', 'Deciding', 'pay', '401K', 'match', 'end', 'year', 'employed', '12/15', 'first', 'step', 'dropping', '401K', 'match', 'altogether…', 'uh', 'oh.']"
2012-11-21 00:27:46+00:00,RT @jennifertaylor: #IBM announces the world’s grandest simulation of a brain. http://nyr.kr/107naEB #cognitivecomputing,"['RT', '@jennifertaylor:', '#IBM', 'announces', 'world’s', 'grandest', 'simulation', 'brain.', 'http://nyr.kr/107naEB', '#cognitivecomputing']"
2012-11-20 18:04:34+00:00,Crowds Are This Election’s Real Winners http://lnkd.in/32fXvf,"['Crowds', 'Are', 'This', 'Election’s', 'Real', 'Winners', 'http://lnkd.in/32fXvf']"
2012-11-12 19:40:56+00:00,@elsua btw I like @mich8elwu's #predictionmarket (sort of) example. My 'trading' behavior could influence other traders (but not outcome),"['@elsua', 'btw', 'I', 'like', ""@mich8elwu's"", '#predictionmarket', '(sort', 'of)', 'example.', 'My', ""'trading'"", 'behavior', 'could', 'influence', 'trader', '(but', 'outcome)']"
2012-11-12 19:26:02+00:00,"@elsua @collinstw @capster9 @mich8elwu well, people are motivated by different things...guess that's part of what makes gamification tricky","['@elsua', '@collinstw', '@capster9', '@mich8elwu', 'well,', 'people', 'motivated', 'different', 'things...guess', ""that's"", 'part', 'make', 'gamification', 'tricky']"
2012-11-12 19:20:34+00:00,RT @Anders_Quitzau: Entering into the Future of Social Business http://asmarterplanet.com/blog/2012/11/20784.html#.UKFK4hM02Ww.twitter #socbiz #FoW @markfidelman,"['RT', '@Anders_Quitzau:', 'Entering', 'Future', 'Social', 'Business', 'http://asmarterplanet.com/blog/2012/11/20784.html#.UKFK4hM02Ww.twitter', '#socbiz', '#FoW', '@markfidelman']"
2012-11-12 19:18:27+00:00,@elsua @collinstw @capster9 @mich8elwu could u detect when user gaming the system? What about adding validation/explicit input from others?,"['@elsua', '@collinstw', '@capster9', '@mich8elwu', 'could', 'u', 'detect', 'user', 'gaming', 'system?', 'What', 'adding', 'validation/explicit', 'input', 'others?']"
2012-11-12 18:58:36+00:00,"@PeerIndex re PeerPerks, everything is either closed or I'm not eligible. C'mon, I know you can do better than this","['@PeerIndex', 'PeerPerks,', 'everything', 'either', 'closed', ""I'm"", 'eligible.', ""C'mon,"", 'I', 'know', 'better']"
2012-11-12 15:03:23+00:00,New Research: How Employee Engagement Hits the Bottom Line http://lnkd.in/fndKhZ,"['New', 'Research:', 'How', 'Employee', 'Engagement', 'Hits', 'Bottom', 'Line', 'http://lnkd.in/fndKhZ']"
2012-11-09 15:39:40+00:00,RT @IBM: New Social Business study from the IBM Institute for Business Value: http://ibm.co/SVdWZJ #socbiz #FoW #IBV,"['RT', '@IBM:', 'New', 'Social', 'Business', 'study', 'IBM', 'Institute', 'Business', 'Value:', 'http://ibm.co/SVdWZJ', '#socbiz', '#FoW', '#IBV']"
2012-11-07 15:41:56+00:00,Cultural Impact of Social Networking in Defining the Workplace of the Future http://lnkd.in/RMfy-n,"['Cultural', 'Impact', 'Social', 'Networking', 'Defining', 'Workplace', 'Future', 'http://lnkd.in/RMfy-n']"
2012-10-25 17:52:10+00:00,"definitely need ideation, idea refinement & assoc. game mechanics in social activity stream, flow of work #yamspigit #socbiz #gamification","['definitely', 'need', 'ideation,', 'idea', 'refinement', '&', 'assoc.', 'game', 'mechanic', 'social', 'activity', 'stream,', 'flow', 'work', '#yamspigit', '#socbiz', '#gamification']"
2012-10-24 20:04:45+00:00,"@AngiesList Provider (w/ straight A reviews) doesn't respond to RFQ or voicemail...I won't waste more time/energy, but wow; biz must be good","['@AngiesList', 'Provider', '(w/', 'straight', 'A', 'reviews)', 'respond', 'RFQ', 'voicemail...I', 'waste', 'time/energy,', 'wow;', 'biz', 'must', 'good']"
2012-10-23 15:48:34+00:00,"IBM Watson Finally Graduates Medical School http://twb.io/T7RBn2 via @InformationWeek &gt;&gt; yeah, finally","['IBM', 'Watson', 'Finally', 'Graduates', 'Medical', 'School', 'http://twb.io/T7RBn2', 'via', '@InformationWeek', '&gt;&gt;', 'yeah,', 'finally']"
2012-10-22 03:00:12+00:00,"Interview w/ @Badgeville CEO @kduggan ""The psychological game changer"" http://www.dmnews.com/the-psychological-game-changer/article/264284/ via @AdenaDeMonte #gamification #socbiz","['Interview', 'w/', '@Badgeville', 'CEO', '@kduggan', '""The', 'psychological', 'game', 'changer""', 'http://www.dmnews.com/the-psychological-game-changer/article/264284/', 'via', '@AdenaDeMonte', '#gamification', '#socbiz']"
2012-10-22 02:33:40+00:00,"Gevo, Syntroleum Vying for Military Biofuel Supply Deals http://bloom.bg/VdgqQu via @BloombergNews #SZYM #algae","['Gevo,', 'Syntroleum', 'Vying', 'Military', 'Biofuel', 'Supply', 'Deals', 'http://bloom.bg/VdgqQu', 'via', '@BloombergNews', '#SZYM', '#algae']"
2012-10-21 01:57:07+00:00,Mendocino Zin +1 http://instagr.am/p/RBtTmlmBm3/,"['Mendocino', 'Zin', '+1', 'http://instagr.am/p/RBtTmlmBm3/']"
2012-10-20 20:57:29+00:00,"@elsua a good indicator to take a break, Luis…it’s Saturday y’know #unplug","['@elsua', 'good', 'indicator', 'take', 'break,', 'Luis…it’s', 'Saturday', 'y’know', '#unplug']"
2012-10-19 18:29:03+00:00,"Big Data Analytics and Social Business, an E-book by @rawn http://lnkd.in/zzAGjW","['Big', 'Data', 'Analytics', 'Social', 'Business,', 'E-book', '@rawn', 'http://lnkd.in/zzAGjW']"
2012-10-18 01:32:06+00:00,"@kduggan great meeting you, Kris...enjoyed #engage2012","['@kduggan', 'great', 'meeting', 'you,', 'Kris...enjoyed', '#engage2012']"
2012-10-17 20:07:59+00:00,Game on http://instagr.am/p/Q5XDz4GBjZ/,"['Game', 'http://instagr.am/p/Q5XDz4GBjZ/']"
2012-10-17 16:46:00+00:00,ePrize Passbook Integration Helps Marketers Reward Customers On the Go http://www.cmswire.com/cms/customer-experience/eprize-passbook-integration-helps-marketers-reward-customers-on-the-go-017834.php via @cmswire,"['ePrize', 'Passbook', 'Integration', 'Helps', 'Marketers', 'Reward', 'Customers', 'On', 'Go', 'http://www.cmswire.com/cms/customer-experience/eprize-passbook-integration-helps-marketers-reward-customers-on-the-go-017834.php', 'via', '@cmswire']"
2012-10-17 15:02:25+00:00,"@elsua I think there's some overlap but fair point; can't curate what's still implicit knowledge and therefore not yet shared, discoverable","['@elsua', 'I', 'think', ""there's"", 'overlap', 'fair', 'point;', ""can't"", 'curate', ""what's"", 'still', 'implicit', 'knowledge', 'therefore', 'yet', 'shared,', 'discoverable']"
2012-10-17 14:46:25+00:00,@elsua @jeffhester My #KM vision? Dynamic and contextual collective intelligence #socbiz,"['@elsua', '@jeffhester', 'My', '#KM', 'vision?', 'Dynamic', 'contextual', 'collective', 'intelligence', '#socbiz']"
2012-10-17 14:41:32+00:00,@elsua so maybe they should call it KC (knowledge curation) instead :),"['@elsua', 'maybe', 'call', 'KC', '(knowledge', 'curation)', 'instead', ':)']"
2012-10-15 18:52:30+00:00,Why the President Is Still a Heavy Favorite on the Prediction Markets http://www.pbs.org/newshour/businessdesk/2012/10/why-the-president-is-still-a-h.html,"['Why', 'President', 'Is', 'Still', 'Heavy', 'Favorite', 'Prediction', 'Markets', 'http://www.pbs.org/newshour/businessdesk/2012/10/why-the-president-is-still-a-h.html']"
2012-10-15 02:57:20+00:00,Workday Shares Soar in Biggest Tech IPO Since Facebook | Wired Business | http://Wired.com http://www.wired.com/business/2012/10/workday-ipo-debut/,"['Workday', 'Shares', 'Soar', 'Biggest', 'Tech', 'IPO', 'Since', 'Facebook', '|', 'Wired', 'Business', '|', 'http://Wired.com', 'http://www.wired.com/business/2012/10/workday-ipo-debut/']"
2012-10-15 02:24:21+00:00,@pieroleo right - 'systems of people' in 2012 GTO,"['@pieroleo', 'right', '-', ""'systems"", ""people'"", '2012', 'GTO']"
2012-10-12 22:57:49+00:00,"SAP Moves Social Tools Out Of The Silo And Into Business Apps http://techcrunch.com/2012/09/27/cracking-the-nut-with-jam-sap-moves-social-tools-out-of-the-silo-and-into-business-apps/ &gt;&gt; agree, social is layer not destination @SameerPatel","['SAP', 'Moves', 'Social', 'Tools', 'Out', 'Of', 'The', 'Silo', 'And', 'Into', 'Business', 'Apps', 'http://techcrunch.com/2012/09/27/cracking-the-nut-with-jam-sap-moves-social-tools-out-of-the-silo-and-into-business-apps/', '&gt;&gt;', 'agree,', 'social', 'layer', 'destination', '@SameerPatel']"
2012-10-12 19:57:09+00:00,Q: How do you prevent an Apple TV remote from controlling a MacBook or iMac? A bit surprised it does this by default,"['Q:', 'How', 'prevent', 'Apple', 'TV', 'remote', 'controlling', 'MacBook', 'iMac?', 'A', 'bit', 'surprised', 'default']"
2012-10-10 23:24:54+00:00,Could Taskbox Change the Way You Use Email?: http://www.lockergnome.com/ios/2012/10/10/could-taskbox-change-the-way-you-use-email/,"['Could', 'Taskbox', 'Change', 'Way', 'You', 'Use', 'Email?:', 'http://www.lockergnome.com/ios/2012/10/10/could-taskbox-change-the-way-you-use-email/']"
2012-10-05 14:23:00+00:00,"@popmoney can you explain why it takes several bus. days for money to be received in bank acct? Should be same day, if not immediate","['@popmoney', 'explain', 'take', 'several', 'bus.', 'day', 'money', 'received', 'bank', 'acct?', 'Should', 'day,', 'immediate']"
2012-10-03 20:55:55+00:00,Badgeville Announces Engage New York City Tour on October 17 http://prn.to/UFZYYt #gamification #socbiz,"['Badgeville', 'Announces', 'Engage', 'New', 'York', 'City', 'Tour', 'October', '17', 'http://prn.to/UFZYYt', '#gamification', '#socbiz']"
2012-10-03 13:59:15+00:00,"I.B.M. Chief on Watson, Cognitive Computing and Her Tenure http://nyti.ms/O3pNU8","['I.B.M.', 'Chief', 'Watson,', 'Cognitive', 'Computing', 'Her', 'Tenure', 'http://nyti.ms/O3pNU8']"
2012-09-21 14:58:34+00:00,#socbiz #FoW http://bit.ly/P5x82y,"['#socbiz', '#FoW', 'http://bit.ly/P5x82y']"
2012-09-20 20:35:49+00:00,"Predicting Customers' (Unedited) Behavior - HBR http://j.mp/P2CrzO via @jmsidhu &gt; great post abt #bigdata output, benefits #MIT #analytics","['Predicting', ""Customers'"", '(Unedited)', 'Behavior', '-', 'HBR', 'http://j.mp/P2CrzO', 'via', '@jmsidhu', '&gt;', 'great', 'post', 'abt', '#bigdata', 'output,', 'benefit', '#MIT', '#analytics']"
2012-09-19 01:30:55+00:00,Google buys social ad startup Wildfire Interactive http://www.bizjournals.com/sanjose/news/2012/07/31/google-buys-social-ad-startup-wildfire.html?ana=twt,"['Google', 'buy', 'social', 'ad', 'startup', 'Wildfire', 'Interactive', 'http://www.bizjournals.com/sanjose/news/2012/07/31/google-buys-social-ad-startup-wildfire.html?ana=twt']"
2012-09-19 01:27:24+00:00,RT @badgeville: Salesforce adds native support for Badgeville's gamification platform http://www.bizjournals.com/sanjose/blog/2012/09/salesforce-adds-native-support-for.html?ana=twt via @svbizjournal,"['RT', '@badgeville:', 'Salesforce', 'add', 'native', 'support', ""Badgeville's"", 'gamification', 'platform', 'http://www.bizjournals.com/sanjose/blog/2012/09/salesforce-adds-native-support-for.html?ana=twt', 'via', '@svbizjournal']"
2012-09-19 01:18:17+00:00,Twitter’s iPad App Update Provokes a Backlash http://lnkd.in/XT9S2z,"['Twitter’s', 'iPad', 'App', 'Update', 'Provokes', 'Backlash', 'http://lnkd.in/XT9S2z']"
2012-09-18 14:55:54+00:00,Congrats to Spigit and Crowdcast...great news http://www.marketwire.com/press-release/spigit-leads-in-social-innovation-20-with-crowdcast-acquisition-1702730.htm #socbiz #collectiveintel #innovation #FoW,"['Congrats', 'Spigit', 'Crowdcast...great', 'news', 'http://www.marketwire.com/press-release/spigit-leads-in-social-innovation-20-with-crowdcast-acquisition-1702730.htm', '#socbiz', '#collectiveintel', '#innovation', '#FoW']"
2012-09-18 01:25:40+00:00,How Disney built a big data platform on a startup budget http://gigaom.com/data/how-disney-built-a-big-data-platform-on-a-startup-budget/,"['How', 'Disney', 'built', 'big', 'data', 'platform', 'startup', 'budget', 'http://gigaom.com/data/how-disney-built-a-big-data-platform-on-a-startup-budget/']"
2012-09-17 03:21:51+00:00,Investors Are Salivating Over Zuckerberg's Plans For Search. Here's Why http://techcrunch.com/2012/09/16/faceboogle/ via @techcrunch,"['Investors', 'Are', 'Salivating', 'Over', ""Zuckerberg's"", 'Plans', 'For', 'Search.', ""Here's"", 'Why', 'http://techcrunch.com/2012/09/16/faceboogle/', 'via', '@techcrunch']"
2012-09-15 15:31:19+00:00,"Primerica Picks IBM Connections, Hearsay Social Platforms - The BrainYard - InformationWeek http://www.informationweek.com/thebrainyard/news/social_networking_private_platforms/240007313#.UFSfKBmpYCc.twitter #socbiz","['Primerica', 'Picks', 'IBM', 'Connections,', 'Hearsay', 'Social', 'Platforms', '-', 'The', 'BrainYard', '-', 'InformationWeek', 'http://www.informationweek.com/thebrainyard/news/social_networking_private_platforms/240007313#.UFSfKBmpYCc.twitter', '#socbiz']"
2012-09-15 15:17:00+00:00,"RT @startuptechguy: #startup interview with #NewYork startup @marqueed, see what they're all about here: http://flpbd.it/lmiWp #design","['RT', '@startuptechguy:', '#startup', 'interview', '#NewYork', 'startup', '@marqueed,', 'see', ""they're"", 'here:', 'http://flpbd.it/lmiWp', '#design']"
2012-09-14 02:25:33+00:00,"Words with friends: Collins Dictionary now crowdsourcing new words, like Tebowing and chummeling http://venturebeat.com/2012/08/01/collins-dictionary-now-crowdsourcing-new-words-like-tebowing-and-chummeling/","['Words', 'friends:', 'Collins', 'Dictionary', 'crowdsourcing', 'new', 'words,', 'like', 'Tebowing', 'chummeling', 'http://venturebeat.com/2012/08/01/collins-dictionary-now-crowdsourcing-new-words-like-tebowing-and-chummeling/']"
2012-09-14 01:38:34+00:00,Why Good Design Is Finally A Bottom Line Investment http://www.fastcodesign.com/node/1670679,"['Why', 'Good', 'Design', 'Is', 'Finally', 'A', 'Bottom', 'Line', 'Investment', 'http://www.fastcodesign.com/node/1670679']"
2012-09-14 01:03:36+00:00,@viegasf #Ripples #dataviz #IBM #Design http://lnkd.in/_UQz-f,"['@viegasf', '#Ripples', '#dataviz', '#IBM', '#Design', 'http://lnkd.in/_UQz-f']"
2012-09-13 19:05:31+00:00,"@KWStockman sure, should be same as shortened url Luanne gave, try this -&gt; http://ibm.biz/Bdxjrm","['@KWStockman', 'sure,', 'shortened', 'url', 'Luanne', 'gave,', 'try', '-&gt;', 'http://ibm.biz/Bdxjrm']"
2012-09-13 18:30:39+00:00,"@LuannePavco @KWStockman missed chat. we only covered explicit contributions in #CI paper but all 'human sensor' data should be in mix, sure","['@LuannePavco', '@KWStockman', 'missed', 'chat.', 'covered', 'explicit', 'contribution', '#CI', 'paper', ""'human"", ""sensor'"", 'data', 'mix,', 'sure']"
2012-09-13 16:35:49+00:00,"@CourtReagan :) if you want to carry them all, sure. The metric seems wrong...16 oz w/ no ice is prob more soda than 24 oz w/ ice, right?","['@CourtReagan', ':)', 'want', 'carry', 'all,', 'sure.', 'The', 'metric', 'seems', 'wrong...16', 'oz', 'w/', 'ice', 'prob', 'soda', '24', 'oz', 'w/', 'ice,', 'right?']"
2012-09-13 15:17:34+00:00,Predictive text was better on Gingerbread than ICS...what gives? is this fixed in JellyBean? #android #Razr #VZW,"['Predictive', 'text', 'better', 'Gingerbread', 'ICS...what', 'gives?', 'fixed', 'JellyBean?', '#android', '#Razr', '#VZW']"
2012-09-12 21:04:43+00:00,Being a (P)individual: Defining Success on Pinterest http://www.edelmandigital.com/2012/09/12/pindividual-defining-success-on-pinterest/,"['Being', '(P)individual:', 'Defining', 'Success', 'Pinterest', 'http://www.edelmandigital.com/2012/09/12/pindividual-defining-success-on-pinterest/']"
2012-09-12 18:52:34+00:00,Prediction: I'm still going to hate iTunes,"['Prediction:', ""I'm"", 'still', 'going', 'hate', 'iTunes']"
2012-09-12 18:39:57+00:00,@Pogue I'm sure they'll sound great...to those who actually think the current ones are any good,"['@Pogue', ""I'm"", 'sure', ""they'll"", 'sound', 'great...to', 'actually', 'think', 'current', 'one', 'good']"
2012-09-12 17:54:17+00:00,Live iPhone 5 launch coverage – gdgt live http://live.gdgt.com/live-iphone-5-launch-coverage/,"['Live', 'iPhone', '5', 'launch', 'coverage', '–', 'gdgt', 'live', 'http://live.gdgt.com/live-iphone-5-launch-coverage/']"
2012-09-12 15:58:14+00:00,Hacking Work - Forbes http://lnkd.in/HwPDNn,"['Hacking', 'Work', '-', 'Forbes', 'http://lnkd.in/HwPDNn']"
2012-09-12 15:02:46+00:00,"@davegray @ccrummey @elsua exactly...email, instead, contributes to enterprise amnesia #sbs2012 #socbiz","['@davegray', '@ccrummey', '@elsua', 'exactly...email,', 'instead,', 'contributes', 'enterprise', 'amnesia', '#sbs2012', '#socbiz']"
2012-09-11 18:30:46+00:00,@tobyd @AntDeRosa I watched the moment of silence on NBC at 8:45am ET today...were there multiple moments of silence?,"['@tobyd', '@AntDeRosa', 'I', 'watched', 'moment', 'silence', 'NBC', '8:45am', 'ET', 'today...were', 'multiple', 'moment', 'silence?']"
2012-09-11 14:45:27+00:00,Undrip Takes All The Nonsense Out Of Your Social Feeds | TechCrunch http://lnkd.in/KFUUpP,"['Undrip', 'Takes', 'All', 'The', 'Nonsense', 'Out', 'Of', 'Your', 'Social', 'Feeds', '|', 'TechCrunch', 'http://lnkd.in/KFUUpP']"
2012-09-07 03:43:42+00:00,"IBM Interactive Unveils New Services for CMOs, CIOs - IT Infrastructure - News & Reviews http://www.eweek.com/c/a/IT-Infrastructure/IBM-Interactive-Unveils-New-Services-for-CMOs-CIOs-216014/","['IBM', 'Interactive', 'Unveils', 'New', 'Services', 'CMOs,', 'CIOs', '-', 'IT', 'Infrastructure', '-', 'News', '&', 'Reviews', 'http://www.eweek.com/c/a/IT-Infrastructure/IBM-Interactive-Unveils-New-Services-for-CMOs-CIOs-216014/']"
2012-09-07 03:16:00+00:00,"IBM Interactive Unveils New Services for CMOs, CIOs - IT Infrastructure - News & Reviews http://lnkd.in/A3cSmi","['IBM', 'Interactive', 'Unveils', 'New', 'Services', 'CMOs,', 'CIOs', '-', 'IT', 'Infrastructure', '-', 'News', '&', 'Reviews', 'http://lnkd.in/A3cSmi']"
2012-09-06 21:29:59+00:00,"If You Want Customers To Fork Over Private Data, Give Them Something... http://bit.ly/QotdA2","['If', 'You', 'Want', 'Customers', 'To', 'Fork', 'Over', 'Private', 'Data,', 'Give', 'Them', 'Something...', 'http://bit.ly/QotdA2']"
2012-09-06 19:16:50+00:00,"Bubble Deflated, Social Media Will Now Change the World - Forbes http://www.forbes.com/sites/chunkamui/2012/08/22/bubble-deflated-social-media-will-now-change-the-world/","['Bubble', 'Deflated,', 'Social', 'Media', 'Will', 'Now', 'Change', 'World', '-', 'Forbes', 'http://www.forbes.com/sites/chunkamui/2012/08/22/bubble-deflated-social-media-will-now-change-the-world/']"
2012-09-06 18:28:06+00:00,"Hootsuite CEO: We’re Buying Seesmic For The Users, Not The Tech [Interview] | TechCrunch http://lnkd.in/kK8_mg","['Hootsuite', 'CEO:', 'We’re', 'Buying', 'Seesmic', 'For', 'The', 'Users,', 'Not', 'The', 'Tech', '[Interview]', '|', 'TechCrunch', 'http://lnkd.in/kK8_mg']"
2012-09-06 14:15:20+00:00,The World's Most Innovative Companies - Forbes http://lnkd.in/TpNVCT,"['The', ""World's"", 'Most', 'Innovative', 'Companies', '-', 'Forbes', 'http://lnkd.in/TpNVCT']"
2012-09-04 19:28:05+00:00,Back-To-School Lesson: How Showrooming Could Save Brick-And-Mortar... http://onforb.es/TiTW26,"['Back-To-School', 'Lesson:', 'How', 'Showrooming', 'Could', 'Save', 'Brick-And-Mortar...', 'http://onforb.es/TiTW26']"
2012-09-04 17:04:45+00:00,Apple Confirms: It's the iPhone 5 http://mashable.com/2012/09/04/apple-confirms-iphone-5/,"['Apple', 'Confirms:', ""It's"", 'iPhone', '5', 'http://mashable.com/2012/09/04/apple-confirms-iphone-5/']"
2012-09-04 16:43:53+00:00,Apple Confirms: It's the iPhone 5 http://lnkd.in/chcJSg,"['Apple', 'Confirms:', ""It's"", 'iPhone', '5', 'http://lnkd.in/chcJSg']"
